ID,Building,Year of sale,Month of sale,Type of property,Property #,Area (ft.),Price,Status,Customer ID,Entity,Name,Surname,Age at time of purchase,Interval,Y,M,D,Gender,Country,State,Purpose,Deal satisfaction,Mortgage,Source
1030,1,2005,11,Apartment,30,743,246173,Sold,C0028,Individual,Madalyn,Mercer,19,18-25,1986,6,21,F,USA,California,Home,5,No,Website
1029,1,2005,10,Apartment,29,756,246332,Sold,C0027,Individual,Lara,Carrillo,22,18-25,1983,2,24,F,USA,California,Home,5,No,Website
2002,2,2007,7,Apartment,2,587,209281,Sold,C0112,Individual,Donavan,Flowers,22,18-25,1985,12,27,M,USA,California,Home,1,Yes,Client
2031,2,2007,12,Apartment,31,1605,452667,Sold,C0160,Individual,Darien,Dorsey,22,18-25,1985,12,27,M,USA,California,Investment,3,Yes,Website
1049,1,2004,11,Apartment,49,1375,467083,Sold,C0014,Individual,Alessandra,Perry,25,18-25,1979,5,15,F,USA,California,Home,4,No,Agency
3011,3,2007,9,Apartment,11,675,203492,Sold,C0125,Individual,Kaitlin,Owen,26,26-35,1981,12,26,F,USA,Virginia,Investment,5,No,Client
3026,3,2007,9,Apartment,26,671,212521,Sold,C0125,Individual,Kaitlin,Owen,26,26-35,1981,12,26,F,USA,Virginia,Investment,5,No,Agency
3023,3,2008,1,Apartment,23,721,198592,Sold,C0166,Individual,Terry,Forbes,26,26-35,1982,5,27,M,USA,California,Home,5,No,Client
1031,1,2006,6,Apartment,31,782,265468,Sold,C0034,Individual,Kole,Shannon,27,26-35,1979,6,27,M,USA,Arizona,Home,2,Yes,Website
4023,4,2006,3,Apartment,23,795,235633,Sold,C0170,Individual,Emmy,Singh,27,26-35,1979,12,3,F,USA,Virginia,Investment,3,Yes,Agency
1036,1,2004,10,Apartment,36,1160,317474,Sold,C0009,Individual,Arabella,Ferrell,28,26-35,1976,8,17,F,USA,Oregon,Home,1,No,Agency
1046,1,2006,8,Apartment,46,1943,503790,Sold,C0041,Individual,Christian,Costa,26,26-35,1980,9,14,M,USA,California,Home,5,No,Website
4035,4,2007,10,Apartment,35,795,217786,Sold,C0057,Individual,Michelle,Cameron,29,26-35,1978,6,4,F,USA,Nevada,Home,3,Yes,Website
2036,2,2006,11,Apartment,36,1109,460001,Sold,C0061,Individual,Enrique,Cardenas,29,26-35,1977,6,10,M,USA,California,Home,2,No,Website
2056,2,2007,4,Apartment,56,1401,460001,Sold,C0089,Individual,Amanda,Simon,29,26-35,1978,12,3,F,USA,California,Home,5,No,Agency
1047,1,2007,12,Apartment,47,1480,448134,Sold,C0159,Individual,Kamden,Stewart,29,26-35,1978,9,14,M,USA,California,Home,5,No,Website
5051,5,2006,3,Apartment,51,791,249592,Sold,C0171,Individual,Skylar,Buchanan,29,26-35,1977,12,25,M,USA,Nevada,Home,4,Yes,Website
2007,2,2006,8,Apartment,7,724,196142,Sold,C0042,Individual,Michael,Juarez,30,26-35,1976,12,25,M,USA,Colorado,Home,4,Yes,Agency
3020,3,2007,4,Apartment,20,781,258572,Sold,C0093,Individual,Antonio,Porter,30,26-35,1977,1,8,M,USA,Arizona,Home,5,No,Client
3029,3,2007,4,Apartment,29,1128,310831,Sold,C0093,Individual,Antonio,Porter,30,26-35,1977,1,8,M,USA,Arizona,Home,3,No,Client
3015,3,2006,10,Apartment,15,721,207282,Sold,C0051,Individual,Conner,Huff,31,26-35,1975,3,22,M,USA,Nevada,Home,5,No,Website
2004,2,2006,12,Apartment,4,650,168834,Sold,C0064,Individual,Joaquin,Mullins,31,26-35,1975,10,5,M,USA,California,Investment,5,No,Agency
2006,2,2006,12,Apartment,6,1307,396974,Sold,C0064,Individual,Joaquin,Mullins,31,26-35,1975,10,5,M,USA,California,Investment,5,No,Agency
5013,5,2007,9,Apartment,13,618,188743,Sold,C0128,Individual,Kyla,Walker,31,26-35,1976,2,26,F,USA,Colorado,Home,4,Yes,Agency
1026,1,2005,3,Apartment,26,626,179674,Sold,C0019,Individual,Victor,Jensen,32,26-35,1973,9,1,M,USA,California,Home,4,No,Website
2054,2,2006,6,Apartment,54,1203,306364,Sold,C0037,Individual,Tyler,Carr,32,26-35,1974,3,27,M,USA,California,Home,5,Yes,Client
3033,3,2007,9,Apartment,33,671,200301,Sold,C0127,Individual,Maia,Chandler,32,26-35,1975,8,12,F,USA,Utah,Home,1,Yes,Website
1025,1,2005,3,Apartment,25,1434,382041,Sold,C0018,Individual,Rodrigo,Ramirez,33,26-35,1972,3,26,M,USA,California,Home,1,No,Agency
3027,3,2006,8,Apartment,27,781,245573,Sold,C0040,Individual,Gianni,Fritz,33,26-35,1973,9,15,M,USA,California,Home,3,No,Website
3031,3,2007,3,Apartment,31,1596,407214,Sold,C0080,Individual,Janelle,Espinoza,33,26-35,1974,12,25,F,USA,California,Investment,4,No,Client
2043,2,2007,4,Apartment,43,1110,355073,Sold,C0083,Individual,Julio,Leonard,33,26-35,1974,7,18,M,USA,Nevada,Home,2,Yes,Website
3034,3,2007,4,Apartment,34,781,256822,Sold,C0085,Individual,Melanie,Holland,33,26-35,1974,12,25,F,USA,California,Investment,3,No,Client
3016,3,2007,4,Apartment,16,698,226343,Sold,C0091,Individual,Gordon,Brown,33,26-35,1974,2,10,M,UK,Arizona,Investment,4,No,Agency
1018,1,2004,10,Apartment,18,626,191390,Sold,C0007,Individual,Jaelyn,Berger,34,26-35,1970,5,5,F,USA,California,Home,3,No,Website
2050,2,2006,9,Apartment,50,958,297009,Sold,C0048,Individual,Adriana,Shaffer,34,26-35,1972,7,11,F,USA,California,Investment,2,No,Agency
2044,2,2007,1,Apartment,44,723,250773,Sold,C0065,Individual,Mara,Franco,34,26-35,1973,6,7,F,USA,California,Home,5,Yes,Agency
3039,3,2007,5,Apartment,39,923,312211,Sold,C0096,Individual,Kael,Hurley,34,26-35,1973,12,15,M,USA,Colorado,Home,3,No,Website
3053,3,2007,12,Apartment,53,670,190120,Sold,C0164,Individual,Belinda,Hogan,34,26-35,1973,8,18,F,USA,California,Home,1,Yes,Agency
2041,2,2006,7,Apartment,41,785,225051,Sold,C0038,Individual,Mohammad,Irwin,35,26-35,1971,12,2,M,USA,California,Home,1,No,Website
5035,5,2008,5,Apartment,35,798,261743,Sold,C0087,Individual,Warren,Pugh,35,26-35,1973,7,17,M,USA,Arizona,Investment,5,No,Website
4005,4,2007,11,Apartment,5,1122,344531,Sold,C0142,Individual,Kassidy,Vega,35,26-35,1972,5,7,F,USA ,California,Home,5,No,Website
1032,1,2005,1,Apartment,32,782,215410,Sold,C0015,Individual,Lauryn,Patrick,36,36-45,1969,10,30,F,Belgium,,Home,2,No,Agency
3046,3,2007,8,Apartment,46,923,252186,Sold,C0122,Individual,Brock,Fischer,36,36-45,1971,5,29,M,USA,Kansas,Home,3,No,Website
1041,1,2005,3,Apartment,41,1434,480546,Sold,C0017,Individual,Memphis,Mcconnell,37,36-45,1968,8,25,M,USA,California,Home,2,Yes,Website
1012,1,2005,3,Apartment,12,1160,300386,Sold,C0020,Individual,Grant,Weber,37,36-45,1968,9,8,M,USA,California,Home,5,Yes,Website
5033,5,2008,5,Apartment,33,798,240539,Sold,C0086,Individual,Jace,Riggs,37,36-45,1971,8,20,F,USA,California,Home,1,No,Website
4006,4,2006,7,Apartment,6,733,222139,Sold,C0150,Individual,Emmett,Estes,37,36-45,1969,6,5,M,USA ,California,Home,3,No,Website
5040,5,2007,12,Apartment,40,798,228410,Sold,C0156,Individual,Isis,Rios,37,36-45,1970,4,1,M,USA,California,Investment,4,No,Website
4013,4,2007,1,Apartment,13,733,197054,Sold,C0169,Individual,Mason,Gilbert,37,36-45,1970,7,31,M,USA,Colorado,Home,2,No,Agency
1003,1,2005,6,Office,3,717,193661,Sold,C0022,Individual,Zain,Horne,38,36-45,1967,4,13,M,USA,Arizona,Home,1,Yes,Website
2009,2,2007,3,Apartment,9,747,237060,Sold,C0072,Individual,Dayton,Hatfield,38,36-45,1969,4,19,M,USA,Colorado,Investment,4,Yes,Agency
4024,4,2007,11,Apartment,24,1122,372002,Sold,C0136,Individual,Annabel,Robles,38,36-45,1969,10,14,F,USA,California,Home,5,Yes,Website
4012,4,2007,11,Apartment,12,1122,290031,Sold,C0149,Individual,Kayden,Olsen,38,36-45,1969,10,17,F,USA,California,Home,5,No,Website
1035,1,2004,10,Apartment,35,828,238811,Sold,C0011,Individual,Davion,Stout,39,36-45,1965,7,20,M,USA,Nevada,Home,1,Yes,Agency
2017,2,2007,3,Apartment,17,747,199054,Sold,C0073,Individual,Kevin,Mata,39,36-45,1968,10,12,M,USA,Colorado,Investment,2,No,Agency
4051,4,2007,3,Apartment,51,1609,496266,Sold,C0110,Individual,Kareem,Liu,39,36-45,1968,5,11,F,USA,California,Home,4,Yes,Website
3014,3,2007,7,Apartment,14,1132,346907,Sold,C0111,Individual,Grace,Stein,39,36-45,1968,12,20,F,USA,California,Home,3,Yes,Website
2051,2,2007,9,Apartment,51,1384,376965,Sold,C0123,Individual,Lydia,Tate,39,36-45,1968,8,14,F,USA,California,Home,3,Yes,Website
2025,2,2007,2,Apartment,25,928,315733,Sold,C0070,Individual,Aleksandra,Karenina,40,36-45,1967,6,13,F,Russia,,Home,1,No,Agency
3047,3,2007,3,Apartment,47,669,188274,Sold,C0075,Individual,Sincere,Hansen,40,36-45,1967,1,19,F,USA,California,Investment,2,Yes,Agency
2046,2,2007,3,Apartment,46,928,253831,Sold,C0076,Individual,Luke,Lynn,40,36-45,1967,2,7,M,USA,California,Home,2,Yes,Agency
5016,5,2007,6,Apartment,16,798,278576,Sold,C0105,Individual,Myla,Ewing,40,36-45,1967,2,3,F,USA,Oregon,Investment,2,No,Client
4041,4,2007,10,Apartment,41,1306,402082,Sold,C0135,Individual,Morgan,Glass,40,36-45,1967,5,12,M,USA,Utah,Home,5,No,Agency
4018,4,2007,11,Apartment,18,1122,310833,Sold,C0153,Individual,Camille,Sharp,40,36-45,1967,10,17,F,USA,California,Home,5,No,Website
2005,2,2006,9,Apartment,5,785,257183,Sold,C0047,Individual,Alejandra,Greer,41,36-45,1965,1,11,F,Denmark,,Investment,1,No,Agency
2010,2,2006,11,Apartment,10,927,326885,Sold,C0060,Individual,Valentina,Simpson,41,36-45,1965,1,24,F,USA,California,Home,4,Yes,Agency
2022,2,2007,1,Apartment,22,1109,344569,Sold,C0066,Individual,Helen,Williamson,41,36-45,1966,2,26,F,USA,Colorado,Home,5,Yes,Agency
2047,2,2007,2,Apartment,47,650,214632,Sold,C0068,Individual,Nicolas,Navarro,41,36-45,1966,6,17,M,USA,Oregon,Investment,3,No,Agency
2012,2,2007,4,Apartment,12,785,237208,Sold,C0090,Individual,Case,Sanchez,41,36-45,1966,5,26,F,USA,California,Home,5,No,Website
3038,3,2007,5,Apartment,38,1596,464549,Sold,C0095,Individual,Rodrigo,Robinson,41,36-45,1966,8,11,M,USA,California,Home,4,No,Website
4030,4,2007,11,Apartment,30,1122,310577,Sold,C0151,Individual,Iris,Larsen,41,36-45,1966,9,14,M,USA,California,Home,4,Yes,Agency
3017,3,2007,12,Apartment,17,743,205098,Sold,C0162,Individual,Araceli,Nelson,41,36-45,1966,9,14,M,Germany,California,Investment,5,No,Agency
1045,1,2004,10,Apartment,45,756,248525,Sold,C0010,Individual,Trystan,Oconnor,42,36-45,1962,11,26,M,USA,California,Home,1,No,Website
2040,2,2006,10,Apartment,40,650,224464,Sold,C0054,Individual,Erik,Mora,42,36-45,1964,12,7,M,USA,Oregon,Investment,5,No,Agency
2042,2,2006,11,Apartment,42,785,220606,Sold,C0056,Individual,Emely,Watts,42,36-45,1964,11,30,F,USA,California,Home,4,No,Website
2048,2,2007,3,Apartment,48,785,220865,Sold,C0081,Individual,Jordyn,Park,42,36-45,1965,4,4,M,USA,Nevada,Investment,3,Yes,Website
3049,3,2007,4,Apartment,49,1283,338181,Sold,C0084,Individual,Diego,Mendez,42,36-45,1965,5,12,M,Mexico,,Home,3,No,Agency
1017,1,2005,2,Apartment,17,1434,432680,Sold,C0016,Individual,Harley,Lucero,43,36-45,1962,8,10,M,USA,California,Home,1,Yes,Website
1039,1,2006,6,Apartment,39,782,196220,Sold,C0035,Individual,Emilie,Morrison,49,46-55,1957,10,29,F,USA,California,Home,3,Yes,Website
2049,2,2006,11,Apartment,49,1289,323916,Sold,C0062,Individual,Jaylen,Turner,43,36-45,1963,7,15,F,USA,California,Home,4,No,Agency
3054,3,2007,5,Apartment,54,781,200719,Sold,C0099,Individual,Frank,Meyer,43,36-45,1964,3,16,M,USA,California,Home,2,No,Agency
3055,3,2007,5,Apartment,55,1222,380810,Sold,C0099,Individual,Frank,Meyer,43,36-45,1964,3,16,M,USA,California,Home,3,Yes,Agency
3042,3,2007,7,Apartment,42,781,213943,Sold,C0114,Individual,Jakobe,Bailey,43,36-45,1964,10,6,M,UK,California,Investment,4,No,Agency
1038,1,2004,8,Apartment,38,743,207581,Sold,C0006,Individual,Laci,Guerra,48,46-55,1956,6,17,F,USA,California,Home,2,Yes,Website
2020,2,2006,10,Apartment,20,785,241672,Sold,C0053,Individual,Scarlet,Hendricks,44,36-45,1962,1,20,F,USA,California,Home,5,Yes,Website
2014,2,2007,2,Apartment,14,1109,336695,Sold,C0069,Individual,Alonso,Terrell,44,36-45,1963,11,5,M,USA,California,Investment,4,No,Website
3001,3,2007,8,Apartment,1,580,171263,Sold,C0069,Individual,Alonso,Terrell,44,36-45,1963,11,5,M,USA,California,Investment,5,No,Website
3043,3,2007,11,Apartment,43,1128,299159,Sold,C0069,Individual,Alonso,Terrell,44,36-45,1963,11,5,M,USA,California,Home,5,No,Website
2016,2,2007,3,Apartment,16,702,212266,Sold,C0077,Individual,Hazel,Ayers,44,36-45,1963,2,1,M,USA,Colorado,Home,2,No,Website
4049,4,2008,1,Apartment,49,1337,388515,Sold,C0168,Individual,Brisa,Mckee,44,36-45,1964,9,24,F,USA,California,Home,5,No,Client
4022,4,2007,8,Apartment,22,795,263791,Sold,C0058,Individual,Johanna,Fisher,45,36-45,1962,8,25,F,USA,California,Home,4,Yes,Website
3059,3,2007,6,Apartment,59,1172,367976,Sold,C0107,Individual,Curtis,Howard,45,36-45,1962,9,11,M,USA,California,Home,2,No,Agency
4034,4,2007,10,Apartment,34,795,243053,Sold,C0131,Individual,Kamila,Collier,45,36-45,1962,1,21,F,USA,California,Home,1,Yes,Website
5027,5,2007,11,Apartment,27,798,269075,Sold,C0144,Individual,Joseph,Reeves,45,36-45,1962,9,23,M,USA,California,Investment,5,No,Website
5028,5,2007,11,Apartment,28,798,223577,Sold,C0144,Individual,Joseph,Reeves,45,36-45,1962,9,23,M,USA,California,Investment,5,No,Website
2026,2,2006,9,Apartment,26,650,198076,Sold,C0048,Individual,Adriana,Shaffer,47,46-55,1959,9,28,F,USA,Utah,Investment,1,No,Client
3022,3,2007,5,Apartment,22,1137,354553,Sold,C0098,Individual,Oswaldo,Palmer,47,46-55,1960,6,16,M,USA,California,Home,2,No,Website
2024,2,2005,6,Apartment,24,1605,456919,Sold,C0130,Individual,Ezra,Lozano,47,46-55,1958,2,24,M,USA,California,Home,1,No,Website
3003,3,2007,11,Apartment,3,675,233143,Sold,C0141,Individual,Melany,Glover,47,46-55,1960,10,1,F,USA,California,Investment,1,Yes,Agency
2011,2,2007,1,Apartment,11,650,225402,Sold,C0067,Individual,Jacqueline,Grant,48,46-55,1959,11,13,F,USA,California,Home,4,No,Website
2028,2,2007,4,Apartment,28,785,195153,Sold,C0082,Individual,Violet,Nixon,48,46-55,1959,1,1,F,USA,Oregon,Investment,5,No,Client
3028,3,2007,7,Apartment,28,781,206632,Sold,C0113,Individual,Anya,Stephenson,48,46-55,1959,6,11,F,USA,California,Home,4,No,Website
3036,3,2007,10,Apartment,36,1128,358526,Sold,C0132,Individual,Kale,Gay,48,46-55,1959,4,7,M,USA,California,Home,4,Yes,Agency
4010,4,2007,11,Apartment,10,795,223917,Sold,C0137,Individual,Russell,Gross,48,46-55,1959,11,25,M,USA,California,Home,5,No,Website
4011,4,2007,11,Apartment,11,795,201519,Sold,C0137,Individual,Russell,Gross,48,46-55,1959,11,25,M,USA,California,Home,5,No,Website
3035,3,2007,12,Apartment,35,781,269279,Sold,C0155,Individual,Laurel,Benitez,48,46-55,1959,8,6,M,USA,California,Home,4,Yes,Agency
3037,3,2007,12,Apartment,37,721,204808,Sold,C0163,Individual,Aniyah,Ali,48,46-55,1959,11,3,F,USA,California,Investment,2,Yes,Website
2032,2,2006,8,Apartment,32,928,306878,Sold,C0039,Individual,Derick,Li,49,46-55,1957,3,20,M,USA,California,Home,3,Yes,Agency
2018,2,2007,2,Apartment,18,928,275394,Sold,C0071,Individual,Cole,Taylor,49,46-55,1958,12,6,M,USA,California,Home,3,Yes,Website
2035,2,2007,5,Apartment,35,785,192092,Sold,C0101,Individual,Ava,Phelps,49,46-55,1958,4,15,F,USA,California,Home,3,No,Client
5025,5,2008,12,Apartment,25,618,165430,Sold,C0146,Individual,Nyla,Blake,49,46-55,1959,6,5,F,USA,California,Investment,5,Yes,Agency
2029,2,2006,9,Apartment,29,1109,310223,Sold,C0051,Individual,Conner,Huff,50,46-55,1956,3,13,M,USA,California,Home,5,No,Website
3007,3,2006,10,Apartment,7,721,231552,Sold,C0052,Individual,Tristian,Fuller,50,46-55,1956,3,13,M,USA,California,Investment,5,No,Agency
3030,3,2006,10,Apartment,30,721,215774,Sold,C0052,Individual,Tristian,Fuller,50,46-55,1956,3,13,M,USA,California,Home,5,No,Agency
2003,2,2006,12,Apartment,3,927,289728,Sold,C0063,Individual,Piotr,Aleksandrov,51,46-55,1955,12,2,M,Russia,,Investment,3,No,Agency
5039,5,2008,5,Apartment,39,798,195875,Sold,C0088,Individual,Yurem,Wright,51,46-55,1957,3,6,M,USA,California,Home,3,Yes,Website
5030,5,2010,5,Apartment,30,1058,357538,Sold,C0094,Individual,Luis,Crane,51,46-55,1959,4,20,M,USA,Nevada,Home,3,Yes,Website
3041,3,2008,1,Apartment,41,781,239249,Sold,C0165,Individual,Anahi,Curry,51,46-55,1957,9,9,M,USA,California,Home,5,Yes,Client
2057,2,2006,9,Apartment,57,1397,382277,Sold,C0044,Individual,Ramiro,Oneill,52,46-55,1954,9,29,M,USA ,California,Home,4,No,Agency
4028,4,2007,2,Apartment,28,795,248423,Sold,C0157,Individual,Erika,Steward,52,46-55,1955,8,7,F,USA,California,Investment,4,No,Website
3032,3,2007,8,Apartment,32,923,242741,Sold,C0118,Individual,Dangelo,Shea,53,46-55,1954,2,27,M,Belgium,Arizona,Investment,4,No,Website
3013,3,2007,8,Apartment,13,781,253026,Sold,C0119,Individual,Miguel,Walter,53,46-55,1954,1,7,M,USA,Arizona,Home,4,No,Agency
1040,1,2006,4,Apartment,40,782,234172,Sold,C0033,Individual,Alanna,Hess,54,46-55,1952,6,19,F,USA,Nevada,Home,3,No,Website
4031,4,2007,6,Apartment,31,733,200679,Sold,C0100,Individual,Simon,Bennett,54,46-55,1953,6,9,M,USA,Colorado,Home,4,No,Website
4019,4,2007,12,Apartment,19,733,226579,Sold,C0133,Individual,Ivan,Bright,54,46-55,1953,9,15,M,USA,California,Home,4,No,Website
4029,4,2007,11,Apartment,29,795,200149,Sold,C0175,Individual,Madeline,Michael,54,46-55,1953,7,30,F,USA,California,Home,4,Yes,Website
1021,1,2004,10,Apartment,21,756,218586,Sold,C0008,Individual,Arthur,Bray,55,46-55,1949,7,14,M,USA,Utah,Investment,4,No,Agency
1006,1,2005,8,Apartment,6,737,198842,Sold,C0023,Individual,Bennett,Chen,55,46-55,1950,7,18,M,USA,Nevada,Home,2,No,Website
2034,2,2007,7,Apartment,34,785,252928,Sold,C0108,Individual,Van,Charles,55,46-55,1952,5,15,M,USA,Colorado,Home,2,Yes,Client
3021,3,2007,7,Apartment,21,781,225290,Sold,C0109,Individual,Rachel,Cross,55,46-55,1952,6,18,F,USA,California,Home,3,No,Website
5021,5,2008,12,Apartment,21,798,234751,Sold,C0145,Individual,Augustus,Hinton,55,46-55,1953,2,3,M,USA,Nevada,Investment,2,No,Website
5022,5,2008,12,Apartment,22,798,287466,Sold,C0145,Individual,Augustus,Hinton,55,46-55,1953,2,3,M,USA,Nevada,Investment,2,No,Website
1044,1,2004,6,Apartment,44,828,229465,Sold,C0003,Individual,Avah,Huang,56,56-65,1948,4,23,F,USA,California,Home,5,No,Website
1043,1,2004,6,Apartment,43,1160,377314,Sold,C0004,Individual,Nora,Lynch,56,56-65,1948,4,23,F,USA,California,Home,5,No,Website
1027,1,2005,8,Apartment,27,828,276759,Sold,C0024,Individual,Irvin,Ellis,56,56-65,1949,11,14,M,USA,California,Home,3,No,Agency
2023,2,2005,12,Apartment,23,724,219373,Sold,C0030,Individual,Aiyana,Christensen,56,56-65,1949,1,16,F,USA,California,Investment,3,No,Website
5046,5,2007,11,Apartment,46,798,230216,Sold,C0147,Individual,Parker,Poole,56,56-65,1951,11,10,M,USA,California,Home,5,No,Website
1002,1,2004,3,Office,2,1239,410933,Sold,C0002,Individual,Jack,Anderson,57,56-65,1947,2,13,M,USA,California,Investment,5,Yes,Website
2030,2,2005,12,Apartment,30,724,214341,Sold,C0031,Individual,Cedric,Goodwin,57,56-65,1948,2,20,M,USA,Utah,Home,4,No,Client
3050,3,2006,11,Apartment,50,978,248274,Sold,C0059,Individual,Elena,Petrova,57,56-65,1949,6,22,F,Russia,,Home,3,Yes,Agency
5050,5,2007,11,Apartment,50,1093,390494,Sold,C0140,Individual,Aniya,Miller,57,56-65,1950,15,2,F,USA,Nevada,Home,3,No,Website
2039,2,2006,8,Apartment,39,928,293876,Sold,C0043,Individual,Kayley,Nielsen,59,56-65,1947,4,27,F,USA,Arizona,Home,4,Yes,Website
2008,2,2007,3,Apartment,8,702,204287,Sold,C0078,Individual,Zaiden,Merritt,59,56-65,1948,2,23,M,USA,Wyoming,Home,3,No,Agency
3019,3,2007,9,Apartment,19,681,230155,Sold,C0124,Individual,Sonia,Choi,59,56-65,1948,11,9,F,USA,Oregon,Investment,5,No,Agency
2015,2,2006,9,Apartment,15,724,228170,Sold,C0049,Individual,Trey,Strong,48,46-55,1958,12,20,M,USA,California,Home,4,No,Agency
2033,2,2006,9,Apartment,33,650,205085,Sold,C0049,Individual,Trey,Strong,48,46-55,1958,12,20,M,USA,California,Home,3,No,Agency
2019,2,2007,3,Apartment,19,650,177555,Sold,C0079,Individual,Xavier,Faulkner,60,56-65,1947,5,24,M,Canada,,Investment,5,No,Website
2021,2,2007,4,Apartment,21,785,217748,Sold,C0079,Individual,Xavier,Faulkner,60,56-65,1947,5,24,M,Canada,,Investment,5,No,Website
2027,2,2007,4,Apartment,27,785,247739,Sold,C0079,Individual,Xavier,Faulkner,60,56-65,1947,5,24,M,Canada,,Investment,5,No,Website
2052,2,2007,3,Apartment,52,1615,484458,Sold,C0079,Individual,Xavier,Faulkner,60,56-65,1947,5,24,M,Canada,,Investment,5,No,Website
3006,3,2007,2,Apartment,6,1132,356506,Sold,C0079,Individual,Xavier,Faulkner,60,56-65,1947,5,24,M,Canada,,Investment,5,No,Website
3044,3,2007,3,Apartment,44,720,197869,Sold,C0079,Individual,Xavier,Faulkner,60,56-65,1947,5,24,M,Canada,,Investment,5,No,Website
4025,4,2007,12,Apartment,25,733,236609,Sold,C0079,Individual,Xavier,Faulkner,60,56-65,1947,5,24,M,Canada,,Investment,5,No,Website
1015,1,2004,11,Apartment,15,782,208931,Sold,C0013,Individual,Franklin,Mack,61,56-65,1943,6,18,M,USA,Virginia,Home,5,Yes,Website
5041,5,2007,11,Apartment,41,798,263123,Sold,C0139,Individual,Logan,Simmons,61,56-65,1946,9,14,M,USA,California,Investment,4,No,Agency
5036,5,2007,11,Apartment,36,1058,286434,Sold,C0154,Individual,Sidney,Cline,64,56-65,1943,7,24,F,USA,California,Home,4,Yes,Website
2037,2,2006,9,Apartment,37,724,229582,Sold,C0045,Individual,Matilda,Madden,65,56-65,1941,3,3,F,USA,Colorado,Home,3,No,Agency
5034,5,2007,10,Apartment,34,798,252053,Sold,C0134,Individual,Yesenia,Marquez,65,56-65,1942,7,23,F,USA,Arizona,Home,4,No,Website
4016,4,2007,11,Apartment,16,795,244821,Sold,C0138,Individual,Colin,Campos,65,56-65,1942,4,14,M,USA,California,Home,3,No,Website
4040,4,2007,12,Apartment,40,795,241620,Sold,C0158,Individual,Erika,Gallagher,65,56-65,1942,7,19,F,USA,California,Home,1,Yes,Website
1024,1,2006,6,Apartment,24,782,235762,Sold,C0036,Individual,Jair,Johns,66,65+,1940,3,5,M,USA,California,Home,5,No,Website
2013,2,2007,3,Apartment,13,785,236640,Sold,C0074,Individual,Jaylynn,Hickman,66,65+,1941,8,19,F,USA,California,Home,5,No,Client
3010,3,2007,8,Apartment,10,923,294808,Sold,C0120,Individual,Jack,Hanson,66,65+,1941,12,1,M,USA,California,Investment,4,No,Website
3018,3,2007,8,Apartment,18,923,293829,Sold,C0120,Individual,Jack,Hanson,66,65+,1941,12,1,M,USA,California,Investment,5,No,Website
1033,1,2004,8,Apartment,33,1434,412857,Sold,C0005,Individual,Rodolfo,Gibson,67,65+,1937,1,20,M,USA,Nevada,Home,2,Yes,Website
1016,1,2006,2,Apartment,16,782,224077,Sold,C0032,Individual,Olivia,Oconnell,67,65+,1939,9,3,F,USA,California,Investment,5,No,Website
3005,3,2006,3,Apartment,5,781,258016,Sold,C0126,Individual,Crystal,Wyatt,67,65+,1939,6,30,F,USA,Oregon,Investment,3,Yes,Website
5019,5,2007,6,Apartment,19,618,153467,Sold,C0106,Individual,Ruben,Melton,68,65+,1939,3,5,M,USA,Utah,Investment,2,No,Agency
3002,3,2007,8,Apartment,2,923,261872,Sold,C0115,Individual,Issac,Edwards,69,65+,1938,10,29,M,USA,California,Home,5,No,Website
3004,3,2007,8,Apartment,4,781,210039,Sold,C0115,Individual,Issac,Edwards,69,65+,1938,10,29,M,USA,California,Home,5,No,Website
3012,3,2007,10,Apartment,12,781,210824,Sold,C0129,Individual,Jesus,Obrien,69,65+,1938,6,9,M,USA,Oregon,Investment,3,No,Website
3048,3,2007,10,Apartment,48,781,249076,Sold,C0129,Individual,Jesus,Obrien,69,65+,1938,6,9,M,USA,Oregon,Investment,3,No,Website
3008,3,2007,6,Apartment,8,698,219866,Sold,C0103,Individual,Jamal,Mueller,71,65+,1936,8,13,M,USA,Oregon,Investment,2,No,Website
3040,3,2007,6,Apartment,40,671,204292,Sold,C0103,Individual,Jamal,Mueller,71,65+,1936,8,13,M,USA,Oregon,Investment,2,No,Website
1023,1,2005,4,Apartment,23,782,261580,Sold,C0021,Individual,Kaylin,Villarreal,73,65+,1932,6,13,F,Russia,,Investment,3,No,Website
3009,3,2006,5,Apartment,9,743,222867,Sold,C0148,Individual,Myah,Roman,73,65+,1933,5,5,F,USA,California,Investment,5,Yes,Agency
3052,3,2006,3,Apartment,52,923,291494,Sold,C0172,Individual,Henry,Kennedy,73,65+,1933,6,8,M,USA,California,Home,4,Yes,Agency
3025,3,2007,6,Apartment,25,923,296483,Sold,C0104,Individual,Diana,Hunt,76,65+,1931,2,13,F,USA,Arizona,Home,3,No,Website
5052,5,,,Apartment,52,1769,532877,,,,,, ,,,,,,,,,,,
1005,1,2004,3,Office,5,411,117564,Sold,C0001,Firm,Kamd,Co,N/A,N/A,N/A,,,N/A,USA,California,Investment,5,No,Agency
1009,1,2004,11,Office,9,1201,317196,Sold,C0012,Firm,Bridger CAL,Co,N/A,N/A,N/A,,,N/A,USA,Nevada,Investment,5,No,Website
1009,1,2004,11,Office,10,801,264142,Sold,C0012,Firm,Bridger CAL,Co,N/A,N/A,N/A,,,N/A,USA,Nevada,Investment,4,No,Website
1011,1,2005,9,Office,11,828,222947,Sold,C0025,Firm,Abdiel,Co,N/A,N/A,N/A,,,N/A,USA,Nevada,Investment,5,Yes,Website
1007,1,2005,12,Apartment,7,776,250313,Sold,C0029,Firm,Kenyon,Co,N/A,N/A,N/A,,,N/A,USA,Nevada,Investment,1,Yes,Website
1008,1,2005,12,Office,8,776,246050,Sold,C0029,Firm,Kenyon,Co,N/A,N/A,N/A,,,N/A,USA,California,Investment,1,Yes,Website
2038,2,2006,10,Apartment,38,1605,529317,Sold,C0055,Firm,Kylax,Co,N/A,N/A,N/A,,,N/A,USA,California,Investment,5,No,Website
2001,2,2004,3,Apartment,1,587,169158,Sold,C0121,Firm,Esther,Co,N/A,N/A,N/A,,,N/A,USA,California,Home,3,Yes,Website
1013,1,2005,7,Apartment,13,756,206959,Sold,C0174,Firm,Marleez,Co,N/A,N/A,N/A,,,N/A,USA ,California,Investment,5,No,Website
1014,1,2005,7,Apartment,14,743,206445,Sold,C0174,Firm,Marleez,Co,N/A,N/A,N/A,,,N/A,USA ,California,Investment,5,No,Website
1019,1,2005,7,Apartment,19,828,239342,Sold,C0174,Firm,Marleez,Co,N/A,N/A,N/A,,,N/A,USA ,California,Investment,5,No,Website
1020,1,2005,7,Apartment,20,1160,398903,Sold,C0174,Firm,Marleez,Co,N/A,N/A,N/A,,,N/A,USA ,California,Investment,5,No,Website
1022,1,2005,7,Apartment,22,743,210745,Sold,C0174,Firm,Marleez,Co,N/A,N/A,N/A,,,N/A,USA ,California,Investment,5,No,Website
1028,1,2005,7,Apartment,28,1160,331155,Sold,C0174,Firm,Marleez,Co,N/A,N/A,N/A,,,N/A,USA ,California,Investment,5,No,Website
1034,1,2005,7,Apartment,34,626,204435,Sold,C0174,Firm,Marleez,Co,N/A,N/A,N/A,,,N/A,USA ,California,Investment,5,No,Website
1037,1,2005,7,Apartment,37,756,189194,Sold,C0174,Firm,Marleez,Co,N/A,N/A,N/A,,,N/A,USA ,California,Investment,5,No,Website
1042,1,2005,7,Apartment,42,626,204027,Sold,C0174,Firm,Marleez,Co,N/A,N/A,N/A,,,N/A,USA ,California,Investment,5,No,Website
1002,1,,,Apartment,2,1239,400866,,,,,,,,,,,,,,,,,
1003,1,,,Office,3,714,217788,,,,,,,,,,,,,,,,,
1008,1,,,Apartment,8,763,219631,,,,,,,,,,,,,,,,,
1019,1,,,Apartment,19,798,244625,,,,,,,,,,,,,,,,,
1042,1,,,Apartment,42,618,163163,,,,,,,,,,,,,,,,,
1047,1,,,Apartment,47,1480,401303,,,,,,,,,,,,,,,,,
2045,2,,,Apartment,45,1604,538272,,,,,,,,,,,,,,,,,
2052,2,,,Apartment,52,1615,461465,,,,,,,,,,,,,,,,,
2053,2,,,Apartment,53,784,275812,,,,,,,,,,,,,,,,,
3007,3,,,Apartment,7,720,216553,,,,,,,,,,,,,,,,,
3024,3,,,Apartment,24,1596,495570,,,,,,,,,,,,,,,,,
3029,3,,,Apartment,29,1122,388657,,,,,,,,,,,,,,,,,
3031,3,,,Apartment,31,1596,495024,,,,,,,,,,,,,,,,,
3038,3,,,Apartment,38,1596,526947,,,,,,,,,,,,,,,,,
3049,3,,,Apartment,49,1274,427236,,,,,,,,,,,,,,,,,
3050,3,,,Apartment,50,967,327044,,,,,,,,,,,,,,,,,
3051,3,,,Apartment,51,1357,385448,,,,,,,,,,,,,,,,,
3056,3,,,Apartment,56,1343,401895,,,,,,,,,,,,,,,,,
3058,3,,,Apartment,58,759,264276,,,,,,,,,,,,,,,,,
4002,4,,,Apartment,2,789,231349,,,,,,,,,,,,,,,,,
4009,4,,,Apartment,09,789,264239,,,,,,,,,,,,,,,,,
4013,4,,,Apartment,13,733,217358,,,,,,,,,,,,,,,,,
4014,4,,,Apartment,14,1612,482404,,,,,,,,,,,,,,,,,
4015,4,,,Apartment,15,789,228938,,,,,,,,,,,,,,,,,
4020,4,,,Apartment,20,1612,498994,,,,,,,,,,,,,,,,,
4021,4,,,Apartment,21,789,256376,,,,,,,,,,,,,,,,,
4023,4,,,Apartment,23,795,255243,,,,,,,,,,,,,,,,,
4026,4,,,Apartment,26,1612,506787,,,,,,,,,,,,,,,,,
4027,4,,,Apartment,27,789,233172,,,,,,,,,,,,,,,,,
4029,4,,,Apartment,29,795,233834,,,,,,,,,,,,,,,,,
4032,4,,,Apartment,32,1612,523373,,,,,,,,,,,,,,,,,
4033,4,,,Apartment,33,789,228873,,,,,,,,,,,,,,,,,
4034,4,,,Apartment,34,795,208656,,,,,,,,,,,,,,,,,
4036,4,,,Apartment,36,1112,322953,,,,,,,,,,,,,,,,,
4039,4,,,Apartment,39,785,216826,,,,,,,,,,,,,,,,,
4044,4,,,Apartment,44,1058,298730,,,,,,,,,,,,,,,,,
4046,4,,,Apartment,46,792,230495,,,,,,,,,,,,,,,,,
4048,4,,,Apartment,48,1069,346048,,,,,,,,,,,,,,,,,
4049,4,,,Apartment,49,1325,377044,,,,,,,,,,,,,,,,,
5002,5,,,Apartment,2,1274,413762,,,,,,,,,,,,,,,,,
5003,5,,,Apartment,3,798,212644,,,,,,,,,,,,,,,,,
5004,5,,,Apartment,4,798,250415,,,,,,,,,,,,,,,,,
5005,5,,,Apartment,5,798,219253,,,,,,,,,,,,,,,,,
5006,5,,,Apartment,6,1058,264012,,,,,,,,,,,,,,,,,
5007,5,,,Apartment,7,618,211407,,,,,,,,,,,,,,,,,
5008,5,,,Apartment,08,1274,396330,,,,,,,,,,,,,,,,,
5009,5,,,Apartment,9,798,227073,,,,,,,,,,,,,,,,,
5010,5,,,Apartment,10,798,276324,,,,,,,,,,,,,,,,,
5011,5,,,Apartment,11,798,230943,,,,,,,,,,,,,,,,,
5012,5,,,Apartment,12,1058,315382,,,,,,,,,,,,,,,,,
5014,5,,,Apartment,14,1274,372017,,,,,,,,,,,,,,,,,
5015,5,,,Apartment,15,798,237681,,,,,,,,,,,,,,,,,
5016,5,,,Apartment,16,798,234033,,,,,,,,,,,,,,,,,
5017,5,,,Apartment,17,798,273166,,,,,,,,,,,,,,,,,
5018,5,,,Apartment,18,1058,271227,,,,,,,,,,,,,,,,,
5020,5,,,Apartment,20,1274,349865,,,,,,,,,,,,,,,,,
5025,5,,,Apartment,25,618,199731,,,,,,,,,,,,,,,,,
5026,5,,,Apartment,26,1274,338482,,,,,,,,,,,,,,,,,
5030,5,,,Apartment,30,1058,351305,,,,,,,,,,,,,,,,,
5032,5,,,Apartment,32,1274,338472,,,,,,,,,,,,,,,,,
5034,5,,,Apartment,34,798,212916,,,,,,,,,,,,,,,,,
5036,5,,,Apartment,36,1058,308661,,,,,,,,,,,,,,,,,
5037,5,,,Apartment,37,606,147344,,,,,,,,,,,,,,,,,
5038,5,,,Apartment,38,1274,448575,,,,,,,,,,,,,,,,,
5041,5,,,Apartment,41,798,255338,,,,,,,,,,,,,,,,,
5043,5,,,Apartment,43,599,175774,,,,,,,,,,,,,,,,,
5044,5,,,Apartment,44,1239,322611,,,,,,,,,,,,,,,,,
5047,5,,,Apartment,47,795,279191,,,,,,,,,,,,,,,,,
5048,5,,,Apartment,48,1013,287997,,,,,,,,,,,,,,,,,
5050,5,,,Apartment,50,1075,365869,,,,,,,,,,,,,,,,,
5051,5,,,Apartment,51,789,199216,,,,,,,,,,,,,,,,,